message,amount,sender_type,label
UPI reward pending. Click to receive,2279,unknown,scam
Your UPI account is temporarily blocked. Verify immediately,11863,unknown,scam
KYC expired. Update details to avoid UPI suspension,48579,unknown,scam
₹102 received via UPI,102,merchant,safe
UPI reward pending. Click to receive,36249,unknown,scam
Your UPI account is temporarily blocked. Verify immediately,31188,unknown,scam
UPI reward pending. Click to receive,26405,unknown,scam
Money received from Rohit,3160,merchant,safe
Money received from Rahul,658,bank,safe
Unauthorized transaction detected. Confirm now,15316,unknown,scam
₹4298 received via UPI,4298,bank,safe
Unauthorized transaction detected. Confirm now,24187,unknown,scam
UPI reward pending. Click to receive,19863,unknown,scam
₹754 received via UPI,754,merchant,safe
You have received cashback. Claim now,22593,unknown,scam
Your UPI account is temporarily blocked. Verify immediately,48577,unknown,scam
Unauthorized transaction detected. Confirm now,31767,unknown,scam
₹2607 received via UPI,2607,bank,safe
Your UPI account is temporarily blocked. Verify immediately,4769,unknown,scam
You have received cashback. Claim now,6181,unknown,scam
Payment reversal failed. Act immediately,32800,unknown,scam
Your UPI account is temporarily blocked. Verify immediately,11446,unknown,scam
Your UPI account is temporarily blocked. Verify immediately,16637,unknown,scam
Unauthorized transaction detected. Confirm now,39988,unknown,scam
UPI payment of ₹3166 completed,3166,bank,safe
Payment of ₹2462 debited from account,2462,bank,safe
₹2625 received via UPI,2625,bank,safe
Money received from Priya,2660,bank,safe
UPI payment of ₹123 completed,123,bank,safe
KYC expired. Update details to avoid UPI suspension,49979,unknown,scam
Payment of ₹1890 debited from account,1890,bank,safe
Unauthorized transaction detected. Confirm now,25669,unknown,scam
Money received from Ankit,468,merchant,safe
Paid ₹1144 to merchant successfully,1144,merchant,safe
₹4111 received via UPI,4111,bank,safe
Refund failed. Click the link to re-initiate UPI payment,31370,unknown,scam
Unauthorized transaction detected. Confirm now,46539,unknown,scam
Unauthorized transaction detected. Confirm now,29236,unknown,scam
UPI payment of ₹3880 completed,3880,bank,safe
Transaction successful. Ref ID generated,2428,merchant,safe
₹3329 received via UPI,3329,bank,safe
Unauthorized transaction detected. Confirm now,48307,unknown,scam
Payment of ₹4666 debited from account,4666,bank,safe
Your UPI account is temporarily blocked. Verify immediately,12572,unknown,scam
Money received from Amit,1887,bank,safe
Transaction successful. Ref ID generated,4713,merchant,safe
UPI reward pending. Click to receive,34373,unknown,scam
Your UPI account is temporarily blocked. Verify immediately,26174,unknown,scam
UPI payment of ₹3330 completed,3330,merchant,safe
Unauthorized transaction detected. Confirm now,43834,unknown,scam
Unauthorized transaction detected. Confirm now,39928,unknown,scam
Transaction successful. Ref ID generated,1173,bank,safe
Money received from Rohit,1447,merchant,safe
Money received from Ankit,4695,bank,safe
Transaction successful. Ref ID generated,4150,bank,safe
Transaction successful. Ref ID generated,4920,bank,safe
KYC expired. Update details to avoid UPI suspension,38473,unknown,scam
Unauthorized transaction detected. Confirm now,10973,unknown,scam
Refund failed. Click the link to re-initiate UPI payment,37429,unknown,scam
KYC expired. Update details to avoid UPI suspension,27579,unknown,scam
Money received from Sneha,3442,bank,safe
Paid ₹1328 to merchant successfully,1328,bank,safe
UPI payment of ₹2361 completed,2361,bank,safe
Your UPI account is temporarily blocked. Verify immediately,3517,unknown,scam
Money received from Priya,2055,merchant,safe
Transaction successful. Ref ID generated,3651,merchant,safe
You have received cashback. Claim now,4411,unknown,scam
Refund failed. Click the link to re-initiate UPI payment,31066,unknown,scam
UPI reward pending. Click to receive,6022,unknown,scam
UPI reward pending. Click to receive,31685,unknown,scam
Transaction successful. Ref ID generated,3352,bank,safe
KYC expired. Update details to avoid UPI suspension,49081,unknown,scam
Your UPI account is temporarily blocked. Verify immediately,24371,unknown,scam
Transaction successful. Ref ID generated,1667,bank,safe
₹1160 received via UPI,1160,bank,safe
Payment of ₹1310 debited from account,1310,bank,safe
Payment of ₹3559 debited from account,3559,bank,safe
UPI reward pending. Click to receive,7555,unknown,scam
Transaction successful. Ref ID generated,3516,merchant,safe
Transaction successful. Ref ID generated,2440,merchant,safe
KYC expired. Update details to avoid UPI suspension,44869,unknown,scam
KYC expired. Update details to avoid UPI suspension,36996,unknown,scam
Transaction successful. Ref ID generated,1307,bank,safe
Transaction successful. Ref ID generated,4789,merchant,safe
Paid ₹65 to merchant successfully,65,merchant,safe
Refund failed. Click the link to re-initiate UPI payment,47122,unknown,scam
₹3197 received via UPI,3197,merchant,safe
UPI reward pending. Click to receive,4154,unknown,scam
₹4373 received via UPI,4373,merchant,safe
₹3846 received via UPI,3846,merchant,safe
Payment reversal failed. Act immediately,7566,unknown,scam
Payment of ₹3193 debited from account,3193,merchant,safe
UPI payment of ₹2785 completed,2785,merchant,safe
₹3040 received via UPI,3040,bank,safe
You have received cashback. Claim now,27992,unknown,scam
You have received cashback. Claim now,37183,unknown,scam
Payment of ₹668 debited from account,668,bank,safe
₹3160 received via UPI,3160,merchant,safe
Payment reversal failed. Act immediately,48643,unknown,scam
₹1769 received via UPI,1769,bank,safe
UPI reward pending. Click to receive,16575,unknown,scam
KYC expired. Update details to avoid UPI suspension,26671,unknown,scam
Paid ₹2207 to merchant successfully,2207,bank,safe
Refund failed. Click the link to re-initiate UPI payment,44508,unknown,scam
Money received from Sneha,4154,bank,safe
Payment reversal failed. Act immediately,23536,unknown,scam
You have received cashback. Claim now,34567,unknown,scam
Payment of ₹1452 debited from account,1452,merchant,safe
Refund failed. Click the link to re-initiate UPI payment,39861,unknown,scam
Payment reversal failed. Act immediately,8081,unknown,scam
Transaction successful. Ref ID generated,2292,merchant,safe
Money received from Amit,3476,bank,safe
₹3353 received via UPI,3353,merchant,safe
Paid ₹520 to merchant successfully,520,merchant,safe
Money received from Rohit,2706,merchant,safe
Payment of ₹3318 debited from account,3318,bank,safe
KYC expired. Update details to avoid UPI suspension,28025,unknown,scam
Paid ₹3449 to merchant successfully,3449,merchant,safe
Paid ₹4503 to merchant successfully,4503,merchant,safe
₹3203 received via UPI,3203,merchant,safe
Refund failed. Click the link to re-initiate UPI payment,49451,unknown,scam
Payment reversal failed. Act immediately,40514,unknown,scam
Unauthorized transaction detected. Confirm now,34776,unknown,scam
Payment reversal failed. Act immediately,8772,unknown,scam
Payment reversal failed. Act immediately,5293,unknown,scam
UPI reward pending. Click to receive,40208,unknown,scam
₹2043 received via UPI,2043,bank,safe
₹222 received via UPI,222,bank,safe
Payment reversal failed. Act immediately,28508,unknown,scam
Transaction successful. Ref ID generated,1706,merchant,safe
Payment reversal failed. Act immediately,31438,unknown,scam
Payment reversal failed. Act immediately,18038,unknown,scam
Payment of ₹4458 debited from account,4458,merchant,safe
You have received cashback. Claim now,49490,unknown,scam
Paid ₹1927 to merchant successfully,1927,bank,safe
Refund failed. Click the link to re-initiate UPI payment,35192,unknown,scam
Payment of ₹3557 debited from account,3557,merchant,safe
KYC expired. Update details to avoid UPI suspension,11748,unknown,scam
UPI reward pending. Click to receive,15051,unknown,scam
UPI reward pending. Click to receive,26105,unknown,scam
Transaction successful. Ref ID generated,3740,bank,safe
Paid ₹3955 to merchant successfully,3955,bank,safe
Unauthorized transaction detected. Confirm now,10307,unknown,scam
Money received from Rohit,1378,merchant,safe
You have received cashback. Claim now,29057,unknown,scam
Unauthorized transaction detected. Confirm now,43876,unknown,scam
Your UPI account is temporarily blocked. Verify immediately,49506,unknown,scam
₹2465 received via UPI,2465,bank,safe
KYC expired. Update details to avoid UPI suspension,15865,unknown,scam
Refund failed. Click the link to re-initiate UPI payment,12131,unknown,scam
Refund failed. Click the link to re-initiate UPI payment,38544,unknown,scam
₹3999 received via UPI,3999,bank,safe
Money received from Rahul,2056,bank,safe
Payment reversal failed. Act immediately,45320,unknown,scam
UPI reward pending. Click to receive,34375,unknown,scam
Payment reversal failed. Act immediately,3298,unknown,scam
UPI payment of ₹4403 completed,4403,merchant,safe
UPI payment of ₹226 completed,226,bank,safe
UPI reward pending. Click to receive,15181,unknown,scam
Paid ₹4625 to merchant successfully,4625,bank,safe
Payment of ₹993 debited from account,993,merchant,safe
Payment of ₹3455 debited from account,3455,bank,safe
UPI payment of ₹4162 completed,4162,merchant,safe
₹3050 received via UPI,3050,merchant,safe
KYC expired. Update details to avoid UPI suspension,39199,unknown,scam
Unauthorized transaction detected. Confirm now,8259,unknown,scam
You have received cashback. Claim now,35377,unknown,scam
Transaction successful. Ref ID generated,4457,merchant,safe
UPI reward pending. Click to receive,43715,unknown,scam
Paid ₹4196 to merchant successfully,4196,bank,safe
Money received from Ankit,1785,bank,safe
Unauthorized transaction detected. Confirm now,44926,unknown,scam
Paid ₹857 to merchant successfully,857,bank,safe
Money received from Rahul,990,merchant,safe
Unauthorized transaction detected. Confirm now,22076,unknown,scam
₹850 received via UPI,850,merchant,safe
Payment of ₹4580 debited from account,4580,bank,safe
Transaction successful. Ref ID generated,3142,bank,safe
You have received cashback. Claim now,26722,unknown,scam
Payment of ₹3196 debited from account,3196,merchant,safe
Your UPI account is temporarily blocked. Verify immediately,39125,unknown,scam
Your UPI account is temporarily blocked. Verify immediately,19198,unknown,scam
Paid ₹2199 to merchant successfully,2199,merchant,safe
Paid ₹3862 to merchant successfully,3862,merchant,safe
Unauthorized transaction detected. Confirm now,15224,unknown,scam
Payment reversal failed. Act immediately,14727,unknown,scam
You have received cashback. Claim now,2205,unknown,scam
Your UPI account is temporarily blocked. Verify immediately,27147,unknown,scam
Transaction successful. Ref ID generated,4054,bank,safe
Money received from Rohit,4172,bank,safe
Paid ₹3232 to merchant successfully,3232,merchant,safe
₹4671 received via UPI,4671,bank,safe
UPI reward pending. Click to receive,4866,unknown,scam
Payment of ₹2758 debited from account,2758,bank,safe
Paid ₹3509 to merchant successfully,3509,merchant,safe
Your UPI account is temporarily blocked. Verify immediately,19294,unknown,scam
₹4153 received via UPI,4153,bank,safe
UPI payment of ₹4052 completed,4052,merchant,safe
Paid ₹844 to merchant successfully,844,bank,safe
Paid ₹4089 to merchant successfully,4089,merchant,safe
Refund failed. Click the link to re-initiate UPI payment,7813,unknown,scam
Payment of ₹4798 debited from account,4798,bank,safe
KYC expired. Update details to avoid UPI suspension,26551,unknown,scam
UPI reward pending. Click to receive,8119,unknown,scam
UPI reward pending. Click to receive,5358,unknown,scam
₹2560 received via UPI,2560,merchant,safe
Refund failed. Click the link to re-initiate UPI payment,45970,unknown,scam
UPI payment of ₹4551 completed,4551,merchant,safe
KYC expired. Update details to avoid UPI suspension,4478,unknown,scam
Payment reversal failed. Act immediately,35073,unknown,scam
UPI payment of ₹1363 completed,1363,merchant,safe
Transaction successful. Ref ID generated,4299,bank,safe
Your UPI account is temporarily blocked. Verify immediately,27509,unknown,scam
KYC expired. Update details to avoid UPI suspension,48176,unknown,scam
Transaction successful. Ref ID generated,1048,bank,safe
You have received cashback. Claim now,10872,unknown,scam
Refund failed. Click the link to re-initiate UPI payment,9481,unknown,scam
Your UPI account is temporarily blocked. Verify immediately,48741,unknown,scam
Payment of ₹243 debited from account,243,bank,safe
You have received cashback. Claim now,27828,unknown,scam
KYC expired. Update details to avoid UPI suspension,48346,unknown,scam
KYC expired. Update details to avoid UPI suspension,16115,unknown,scam
You have received cashback. Claim now,25339,unknown,scam
₹239 received via UPI,239,bank,safe
UPI payment of ₹4871 completed,4871,bank,safe
You have received cashback. Claim now,35119,unknown,scam
Paid ₹592 to merchant successfully,592,bank,safe
Payment of ₹2054 debited from account,2054,bank,safe
Paid ₹1674 to merchant successfully,1674,bank,safe
Transaction successful. Ref ID generated,3721,merchant,safe
Money received from Rahul,3516,merchant,safe
You have received cashback. Claim now,48279,unknown,scam
UPI payment of ₹3304 completed,3304,bank,safe
Refund failed. Click the link to re-initiate UPI payment,43473,unknown,scam
₹1334 received via UPI,1334,merchant,safe
Payment reversal failed. Act immediately,45134,unknown,scam
UPI payment of ₹4565 completed,4565,bank,safe
UPI reward pending. Click to receive,48594,unknown,scam
Paid ₹2860 to merchant successfully,2860,merchant,safe
Refund failed. Click the link to re-initiate UPI payment,4677,unknown,scam
Refund failed. Click the link to re-initiate UPI payment,10306,unknown,scam
₹1043 received via UPI,1043,bank,safe
KYC expired. Update details to avoid UPI suspension,45223,unknown,scam
Money received from Ankit,2795,merchant,safe
KYC expired. Update details to avoid UPI suspension,18922,unknown,scam
₹55 received via UPI,55,merchant,safe
Transaction successful. Ref ID generated,843,bank,safe
Transaction successful. Ref ID generated,4942,bank,safe
Money received from Ankit,4619,merchant,safe
Your UPI account is temporarily blocked. Verify immediately,8413,unknown,scam
Unauthorized transaction detected. Confirm now,38081,unknown,scam
Transaction successful. Ref ID generated,1990,merchant,safe
Payment of ₹4409 debited from account,4409,bank,safe
Unauthorized transaction detected. Confirm now,4798,unknown,scam
Unauthorized transaction detected. Confirm now,8158,unknown,scam
Your UPI account is temporarily blocked. Verify immediately,19219,unknown,scam
Payment of ₹4796 debited from account,4796,bank,safe
You have received cashback. Claim now,17410,unknown,scam
UPI payment of ₹50 completed,50,bank,safe
Transaction successful. Ref ID generated,2326,merchant,safe
Refund failed. Click the link to re-initiate UPI payment,40073,unknown,scam
Payment of ₹4940 debited from account,4940,merchant,safe
Your UPI account is temporarily blocked. Verify immediately,28067,unknown,scam
UPI payment of ₹2941 completed,2941,merchant,safe
Transaction successful. Ref ID generated,2318,bank,safe
Money received from Sneha,1217,bank,safe
Paid ₹227 to merchant successfully,227,merchant,safe
Payment reversal failed. Act immediately,25797,unknown,scam
You have received cashback. Claim now,46678,unknown,scam
You have received cashback. Claim now,28482,unknown,scam
KYC expired. Update details to avoid UPI suspension,27605,unknown,scam
You have received cashback. Claim now,3063,unknown,scam
Your UPI account is temporarily blocked. Verify immediately,29681,unknown,scam
Payment of ₹3179 debited from account,3179,merchant,safe
₹3362 received via UPI,3362,merchant,safe
Refund failed. Click the link to re-initiate UPI payment,7430,unknown,scam
You have received cashback. Claim now,31468,unknown,scam
Your UPI account is temporarily blocked. Verify immediately,43229,unknown,scam
You have received cashback. Claim now,25505,unknown,scam
You have received cashback. Claim now,38428,unknown,scam
KYC expired. Update details to avoid UPI suspension,22645,unknown,scam
Refund failed. Click the link to re-initiate UPI payment,49141,unknown,scam
Transaction successful. Ref ID generated,1077,merchant,safe
Your UPI account is temporarily blocked. Verify immediately,39369,unknown,scam
Transaction successful. Ref ID generated,1391,merchant,safe
Money received from Priya,3105,merchant,safe
UPI payment of ₹447 completed,447,merchant,safe
KYC expired. Update details to avoid UPI suspension,6951,unknown,scam
Paid ₹2066 to merchant successfully,2066,bank,safe
You have received cashback. Claim now,9837,unknown,scam
You have received cashback. Claim now,18098,unknown,scam
UPI payment of ₹1018 completed,1018,merchant,safe
Your UPI account is temporarily blocked. Verify immediately,27856,unknown,scam
KYC expired. Update details to avoid UPI suspension,22926,unknown,scam
KYC expired. Update details to avoid UPI suspension,47680,unknown,scam
KYC expired. Update details to avoid UPI suspension,37791,unknown,scam
Unauthorized transaction detected. Confirm now,17310,unknown,scam
You have received cashback. Claim now,27906,unknown,scam
Payment of ₹3115 debited from account,3115,bank,safe
KYC expired. Update details to avoid UPI suspension,35488,unknown,scam
Money received from Rahul,2295,merchant,safe
You have received cashback. Claim now,44856,unknown,scam
Transaction successful. Ref ID generated,712,merchant,safe
Payment of ₹339 debited from account,339,merchant,safe
Unauthorized transaction detected. Confirm now,43469,unknown,scam
UPI reward pending. Click to receive,40527,unknown,scam
UPI reward pending. Click to receive,47301,unknown,scam
You have received cashback. Claim now,17330,unknown,scam
Transaction successful. Ref ID generated,2305,bank,safe
UPI payment of ₹2037 completed,2037,merchant,safe
Money received from Priya,2111,bank,safe
Transaction successful. Ref ID generated,428,bank,safe
Payment of ₹181 debited from account,181,bank,safe
Payment of ₹445 debited from account,445,merchant,safe
KYC expired. Update details to avoid UPI suspension,49020,unknown,scam
UPI reward pending. Click to receive,43337,unknown,scam
Payment reversal failed. Act immediately,2021,unknown,scam
Unauthorized transaction detected. Confirm now,32111,unknown,scam
Unauthorized transaction detected. Confirm now,10147,unknown,scam
₹3396 received via UPI,3396,merchant,safe
Transaction successful. Ref ID generated,1346,bank,safe
UPI reward pending. Click to receive,10532,unknown,scam
UPI payment of ₹2194 completed,2194,merchant,safe
Paid ₹1237 to merchant successfully,1237,bank,safe
Money received from Priya,3227,bank,safe
₹3624 received via UPI,3624,merchant,safe
Paid ₹791 to merchant successfully,791,merchant,safe
Unauthorized transaction detected. Confirm now,43932,unknown,scam
₹3052 received via UPI,3052,bank,safe
UPI reward pending. Click to receive,27494,unknown,scam
You have received cashback. Claim now,33368,unknown,scam
Payment of ₹3819 debited from account,3819,merchant,safe
UPI payment of ₹4207 completed,4207,bank,safe
₹3124 received via UPI,3124,bank,safe
You have received cashback. Claim now,49996,unknown,scam
Money received from Sneha,4916,bank,safe
Refund failed. Click the link to re-initiate UPI payment,25530,unknown,scam
Your UPI account is temporarily blocked. Verify immediately,10331,unknown,scam
You have received cashback. Claim now,43194,unknown,scam
You have received cashback. Claim now,34692,unknown,scam
Payment of ₹1115 debited from account,1115,bank,safe
Payment reversal failed. Act immediately,35966,unknown,scam
You have received cashback. Claim now,34137,unknown,scam
Transaction successful. Ref ID generated,3294,merchant,safe
UPI payment of ₹4946 completed,4946,bank,safe
Paid ₹3056 to merchant successfully,3056,merchant,safe
₹2134 received via UPI,2134,bank,safe
Unauthorized transaction detected. Confirm now,29290,unknown,scam
UPI payment of ₹1038 completed,1038,bank,safe
UPI payment of ₹266 completed,266,merchant,safe
Refund failed. Click the link to re-initiate UPI payment,30419,unknown,scam
Payment of ₹194 debited from account,194,merchant,safe
Transaction successful. Ref ID generated,1342,bank,safe
Payment reversal failed. Act immediately,38611,unknown,scam
₹4264 received via UPI,4264,merchant,safe
Payment of ₹2414 debited from account,2414,bank,safe
Paid ₹3833 to merchant successfully,3833,bank,safe
Unauthorized transaction detected. Confirm now,42338,unknown,scam
Money received from Amit,2328,merchant,safe
₹788 received via UPI,788,merchant,safe
UPI payment of ₹665 completed,665,merchant,safe
Payment of ₹2582 debited from account,2582,merchant,safe
Money received from Sneha,3589,bank,safe
Your UPI account is temporarily blocked. Verify immediately,6682,unknown,scam
UPI payment of ₹1639 completed,1639,merchant,safe
Unauthorized transaction detected. Confirm now,21914,unknown,scam
Your UPI account is temporarily blocked. Verify immediately,33497,unknown,scam
UPI payment of ₹2905 completed,2905,bank,safe
KYC expired. Update details to avoid UPI suspension,46414,unknown,scam
Payment of ₹863 debited from account,863,bank,safe
Payment reversal failed. Act immediately,28585,unknown,scam
Paid ₹2672 to merchant successfully,2672,merchant,safe
Transaction successful. Ref ID generated,1808,merchant,safe
Transaction successful. Ref ID generated,4280,bank,safe
Payment reversal failed. Act immediately,3355,unknown,scam
Paid ₹788 to merchant successfully,788,bank,safe
Unauthorized transaction detected. Confirm now,32841,unknown,scam
Payment of ₹314 debited from account,314,merchant,safe
Unauthorized transaction detected. Confirm now,45704,unknown,scam
Paid ₹1640 to merchant successfully,1640,bank,safe
Your UPI account is temporarily blocked. Verify immediately,46022,unknown,scam
Unauthorized transaction detected. Confirm now,14229,unknown,scam
Payment of ₹4235 debited from account,4235,merchant,safe
Refund failed. Click the link to re-initiate UPI payment,41961,unknown,scam
Payment of ₹1040 debited from account,1040,bank,safe
Unauthorized transaction detected. Confirm now,21356,unknown,scam
You have received cashback. Claim now,15376,unknown,scam
₹1896 received via UPI,1896,merchant,safe
₹1129 received via UPI,1129,merchant,safe
Your UPI account is temporarily blocked. Verify immediately,47326,unknown,scam
Unauthorized transaction detected. Confirm now,23675,unknown,scam
Payment reversal failed. Act immediately,38635,unknown,scam
Money received from Priya,835,bank,safe
KYC expired. Update details to avoid UPI suspension,15317,unknown,scam
Transaction successful. Ref ID generated,4559,bank,safe
Your UPI account is temporarily blocked. Verify immediately,42922,unknown,scam
Paid ₹1214 to merchant successfully,1214,bank,safe
Transaction successful. Ref ID generated,822,bank,safe
₹4922 received via UPI,4922,bank,safe
You have received cashback. Claim now,27439,unknown,scam
Money received from Rohit,110,merchant,safe
Payment reversal failed. Act immediately,40649,unknown,scam
Money received from Priya,4737,merchant,safe
You have received cashback. Claim now,27983,unknown,scam
Payment reversal failed. Act immediately,33753,unknown,scam
Your UPI account is temporarily blocked. Verify immediately,6102,unknown,scam
₹3054 received via UPI,3054,merchant,safe
Money received from Rahul,1851,bank,safe
₹3032 received via UPI,3032,merchant,safe
Payment of ₹2484 debited from account,2484,merchant,safe
You have received cashback. Claim now,30342,unknown,scam
KYC expired. Update details to avoid UPI suspension,26115,unknown,scam
₹2668 received via UPI,2668,bank,safe
You have received cashback. Claim now,8735,unknown,scam
Transaction successful. Ref ID generated,4023,merchant,safe
UPI payment of ₹4841 completed,4841,bank,safe
Your UPI account is temporarily blocked. Verify immediately,34129,unknown,scam
Unauthorized transaction detected. Confirm now,20869,unknown,scam
Transaction successful. Ref ID generated,2912,bank,safe
Transaction successful. Ref ID generated,2527,bank,safe
UPI reward pending. Click to receive,5343,unknown,scam
₹2679 received via UPI,2679,merchant,safe
Payment of ₹4872 debited from account,4872,bank,safe
Transaction successful. Ref ID generated,3570,merchant,safe
UPI reward pending. Click to receive,7852,unknown,scam
Payment of ₹1774 debited from account,1774,bank,safe
Unauthorized transaction detected. Confirm now,42218,unknown,scam
Transaction successful. Ref ID generated,1818,merchant,safe
Payment reversal failed. Act immediately,16621,unknown,scam
Paid ₹4600 to merchant successfully,4600,merchant,safe
₹3177 received via UPI,3177,merchant,safe
₹4383 received via UPI,4383,merchant,safe
Your UPI account is temporarily blocked. Verify immediately,34969,unknown,scam
Transaction successful. Ref ID generated,762,merchant,safe
You have received cashback. Claim now,22021,unknown,scam
Refund failed. Click the link to re-initiate UPI payment,42993,unknown,scam
KYC expired. Update details to avoid UPI suspension,35660,unknown,scam
Money received from Rohit,3852,merchant,safe
KYC expired. Update details to avoid UPI suspension,22040,unknown,scam
₹4727 received via UPI,4727,merchant,safe
Money received from Sneha,2071,merchant,safe
Refund failed. Click the link to re-initiate UPI payment,27058,unknown,scam
Refund failed. Click the link to re-initiate UPI payment,6577,unknown,scam
Payment of ₹853 debited from account,853,bank,safe
₹2283 received via UPI,2283,merchant,safe
Unauthorized transaction detected. Confirm now,37196,unknown,scam
Paid ₹3336 to merchant successfully,3336,bank,safe
Paid ₹3366 to merchant successfully,3366,merchant,safe
Paid ₹3075 to merchant successfully,3075,merchant,safe
Refund failed. Click the link to re-initiate UPI payment,43070,unknown,scam
Paid ₹2058 to merchant successfully,2058,bank,safe
Payment of ₹472 debited from account,472,merchant,safe
Payment of ₹3676 debited from account,3676,bank,safe
Payment reversal failed. Act immediately,33469,unknown,scam
₹443 received via UPI,443,merchant,safe
Payment reversal failed. Act immediately,18177,unknown,scam
Payment of ₹2505 debited from account,2505,bank,safe
Paid ₹3319 to merchant successfully,3319,bank,safe
KYC expired. Update details to avoid UPI suspension,3609,unknown,scam
Money received from Rohit,1158,bank,safe
You have received cashback. Claim now,12369,unknown,scam
UPI payment of ₹820 completed,820,merchant,safe
Transaction successful. Ref ID generated,2359,bank,safe
Paid ₹604 to merchant successfully,604,merchant,safe
₹3488 received via UPI,3488,bank,safe
UPI reward pending. Click to receive,31254,unknown,scam
₹2708 received via UPI,2708,merchant,safe
Payment reversal failed. Act immediately,33523,unknown,scam
UPI reward pending. Click to receive,13128,unknown,scam
You have received cashback. Claim now,14406,unknown,scam
Money received from Rahul,1773,merchant,safe
KYC expired. Update details to avoid UPI suspension,39720,unknown,scam
Payment of ₹2311 debited from account,2311,bank,safe
₹3035 received via UPI,3035,merchant,safe
Paid ₹1593 to merchant successfully,1593,merchant,safe
Payment of ₹4307 debited from account,4307,bank,safe
Payment of ₹4512 debited from account,4512,bank,safe
Your UPI account is temporarily blocked. Verify immediately,34942,unknown,scam
Refund failed. Click the link to re-initiate UPI payment,13837,unknown,scam
Refund failed. Click the link to re-initiate UPI payment,20793,unknown,scam
UPI reward pending. Click to receive,37136,unknown,scam
₹4525 received via UPI,4525,bank,safe
You have received cashback. Claim now,28326,unknown,scam
UPI reward pending. Click to receive,26398,unknown,scam
Transaction successful. Ref ID generated,1401,merchant,safe
Transaction successful. Ref ID generated,2159,bank,safe
Transaction successful. Ref ID generated,3564,merchant,safe
Money received from Rahul,4932,bank,safe
₹3431 received via UPI,3431,bank,safe
UPI reward pending. Click to receive,24609,unknown,scam
Money received from Priya,1451,merchant,safe
Paid ₹2713 to merchant successfully,2713,merchant,safe
Unauthorized transaction detected. Confirm now,30446,unknown,scam
UPI reward pending. Click to receive,2011,unknown,scam
₹4923 received via UPI,4923,merchant,safe
Your UPI account is temporarily blocked. Verify immediately,46253,unknown,scam
Transaction successful. Ref ID generated,1936,bank,safe
Payment of ₹396 debited from account,396,merchant,safe
₹3812 received via UPI,3812,merchant,safe
Payment reversal failed. Act immediately,18157,unknown,scam
UPI payment of ₹3713 completed,3713,bank,safe
Money received from Ankit,124,merchant,safe
KYC expired. Update details to avoid UPI suspension,7422,unknown,scam
Your UPI account is temporarily blocked. Verify immediately,38842,unknown,scam
Paid ₹2326 to merchant successfully,2326,merchant,safe
Money received from Priya,1207,bank,safe
Payment of ₹3770 debited from account,3770,bank,safe
Money received from Rohit,3811,merchant,safe
Payment of ₹1601 debited from account,1601,bank,safe
Your UPI account is temporarily blocked. Verify immediately,39216,unknown,scam
Your UPI account is temporarily blocked. Verify immediately,11690,unknown,scam
Transaction successful. Ref ID generated,1606,merchant,safe
UPI payment of ₹1830 completed,1830,merchant,safe
Your UPI account is temporarily blocked. Verify immediately,30595,unknown,scam
₹1800 received via UPI,1800,merchant,safe
KYC expired. Update details to avoid UPI suspension,21798,unknown,scam
Unauthorized transaction detected. Confirm now,36990,unknown,scam
Money received from Sneha,1553,bank,safe
Unauthorized transaction detected. Confirm now,24687,unknown,scam
Paid ₹3980 to merchant successfully,3980,bank,safe
Unauthorized transaction detected. Confirm now,13030,unknown,scam
Money received from Priya,221,merchant,safe
Money received from Amit,4681,merchant,safe
You have received cashback. Claim now,47935,unknown,scam
Transaction successful. Ref ID generated,4253,bank,safe
Paid ₹4938 to merchant successfully,4938,bank,safe
Your UPI account is temporarily blocked. Verify immediately,9159,unknown,scam
You have received cashback. Claim now,43187,unknown,scam
Payment reversal failed. Act immediately,5779,unknown,scam
UPI payment of ₹2115 completed,2115,bank,safe
Transaction successful. Ref ID generated,1412,merchant,safe
Paid ₹4208 to merchant successfully,4208,bank,safe
You have received cashback. Claim now,33546,unknown,scam
Money received from Amit,80,bank,safe
Transaction successful. Ref ID generated,1300,bank,safe
You have received cashback. Claim now,15997,unknown,scam
UPI payment of ₹4020 completed,4020,merchant,safe
Unauthorized transaction detected. Confirm now,22047,unknown,scam
Paid ₹3294 to merchant successfully,3294,merchant,safe
UPI reward pending. Click to receive,43260,unknown,scam
UPI payment of ₹2876 completed,2876,merchant,safe
Transaction successful. Ref ID generated,2488,merchant,safe
Refund failed. Click the link to re-initiate UPI payment,26579,unknown,scam
Refund failed. Click the link to re-initiate UPI payment,26945,unknown,scam
KYC expired. Update details to avoid UPI suspension,45871,unknown,scam
₹762 received via UPI,762,bank,safe
Payment of ₹1841 debited from account,1841,merchant,safe
Unauthorized transaction detected. Confirm now,15597,unknown,scam
Transaction successful. Ref ID generated,3434,bank,safe
Paid ₹3983 to merchant successfully,3983,merchant,safe
₹1037 received via UPI,1037,merchant,safe
UPI reward pending. Click to receive,34603,unknown,scam
You have received cashback. Claim now,19787,unknown,scam
Your UPI account is temporarily blocked. Verify immediately,22001,unknown,scam
₹4701 received via UPI,4701,merchant,safe
KYC expired. Update details to avoid UPI suspension,8957,unknown,scam
UPI reward pending. Click to receive,34638,unknown,scam
Transaction successful. Ref ID generated,3623,merchant,safe
UPI payment of ₹253 completed,253,bank,safe
₹1003 received via UPI,1003,bank,safe
Unauthorized transaction detected. Confirm now,39498,unknown,scam
You have received cashback. Claim now,26557,unknown,scam
Refund failed. Click the link to re-initiate UPI payment,12846,unknown,scam
Paid ₹2111 to merchant successfully,2111,bank,safe
KYC expired. Update details to avoid UPI suspension,31139,unknown,scam
UPI payment of ₹2456 completed,2456,bank,safe
Paid ₹2249 to merchant successfully,2249,merchant,safe
UPI reward pending. Click to receive,20614,unknown,scam
₹2634 received via UPI,2634,merchant,safe
Money received from Amit,2750,merchant,safe
UPI reward pending. Click to receive,41574,unknown,scam
₹4966 received via UPI,4966,bank,safe
UPI payment of ₹4149 completed,4149,merchant,safe
Paid ₹1699 to merchant successfully,1699,merchant,safe
UPI reward pending. Click to receive,34360,unknown,scam
UPI payment of ₹4883 completed,4883,bank,safe
Your UPI account is temporarily blocked. Verify immediately,33919,unknown,scam
UPI reward pending. Click to receive,17942,unknown,scam
UPI payment of ₹3674 completed,3674,bank,safe
KYC expired. Update details to avoid UPI suspension,33619,unknown,scam
UPI payment of ₹4277 completed,4277,merchant,safe
Transaction successful. Ref ID generated,1504,merchant,safe
UPI payment of ₹1205 completed,1205,merchant,safe
Transaction successful. Ref ID generated,4745,bank,safe
Refund failed. Click the link to re-initiate UPI payment,16084,unknown,scam
Payment reversal failed. Act immediately,32563,unknown,scam
Your UPI account is temporarily blocked. Verify immediately,44816,unknown,scam
You have received cashback. Claim now,12281,unknown,scam
Transaction successful. Ref ID generated,2855,merchant,safe
UPI reward pending. Click to receive,32051,unknown,scam
UPI payment of ₹3557 completed,3557,merchant,safe
Unauthorized transaction detected. Confirm now,9647,unknown,scam
KYC expired. Update details to avoid UPI suspension,38084,unknown,scam
Payment of ₹2930 debited from account,2930,bank,safe
Transaction successful. Ref ID generated,922,bank,safe
UPI payment of ₹3137 completed,3137,bank,safe
KYC expired. Update details to avoid UPI suspension,31572,unknown,scam
Refund failed. Click the link to re-initiate UPI payment,2801,unknown,scam
₹91 received via UPI,91,bank,safe
You have received cashback. Claim now,40156,unknown,scam
UPI payment of ₹953 completed,953,bank,safe
₹269 received via UPI,269,merchant,safe
Payment of ₹4299 debited from account,4299,bank,safe
You have received cashback. Claim now,44823,unknown,scam
Payment of ₹1821 debited from account,1821,bank,safe
Payment of ₹2235 debited from account,2235,bank,safe
Transaction successful. Ref ID generated,3733,bank,safe
Paid ₹3109 to merchant successfully,3109,merchant,safe
UPI payment of ₹2044 completed,2044,merchant,safe
UPI payment of ₹1745 completed,1745,merchant,safe
₹2862 received via UPI,2862,merchant,safe
Paid ₹3711 to merchant successfully,3711,merchant,safe
Money received from Rahul,2237,bank,safe
UPI reward pending. Click to receive,42570,unknown,scam
Refund failed. Click the link to re-initiate UPI payment,27212,unknown,scam
Payment of ₹2745 debited from account,2745,bank,safe
Payment of ₹690 debited from account,690,merchant,safe
Transaction successful. Ref ID generated,782,bank,safe
Paid ₹3332 to merchant successfully,3332,merchant,safe
UPI payment of ₹4380 completed,4380,merchant,safe
₹2175 received via UPI,2175,bank,safe
Your UPI account is temporarily blocked. Verify immediately,48271,unknown,scam
Payment reversal failed. Act immediately,35999,unknown,scam
You have received cashback. Claim now,12897,unknown,scam
UPI reward pending. Click to receive,2929,unknown,scam
Refund failed. Click the link to re-initiate UPI payment,30310,unknown,scam
UPI payment of ₹3176 completed,3176,merchant,safe
Money received from Amit,3035,merchant,safe
Unauthorized transaction detected. Confirm now,21566,unknown,scam
₹1734 received via UPI,1734,bank,safe
UPI payment of ₹3137 completed,3137,bank,safe
Transaction successful. Ref ID generated,4882,bank,safe
UPI payment of ₹3641 completed,3641,merchant,safe
Money received from Amit,4353,bank,safe
Transaction successful. Ref ID generated,4007,merchant,safe
Money received from Rohit,4363,merchant,safe
UPI reward pending. Click to receive,3471,unknown,scam
Transaction successful. Ref ID generated,2794,bank,safe
KYC expired. Update details to avoid UPI suspension,38531,unknown,scam
UPI payment of ₹3924 completed,3924,merchant,safe
₹1509 received via UPI,1509,bank,safe
Money received from Ankit,2165,bank,safe
UPI reward pending. Click to receive,2352,unknown,scam
Payment of ₹2478 debited from account,2478,bank,safe
UPI payment of ₹702 completed,702,merchant,safe
Money received from Ankit,3011,bank,safe
UPI payment of ₹66 completed,66,bank,safe
Transaction successful. Ref ID generated,555,bank,safe
Transaction successful. Ref ID generated,3993,merchant,safe
Refund failed. Click the link to re-initiate UPI payment,23130,unknown,scam
₹4800 received via UPI,4800,bank,safe
Payment of ₹4144 debited from account,4144,merchant,safe
Unauthorized transaction detected. Confirm now,46122,unknown,scam
Paid ₹1740 to merchant successfully,1740,merchant,safe
UPI payment of ₹1230 completed,1230,merchant,safe
Unauthorized transaction detected. Confirm now,19993,unknown,scam
Transaction successful. Ref ID generated,3222,bank,safe
Your UPI account is temporarily blocked. Verify immediately,42119,unknown,scam
Money received from Ankit,711,merchant,safe
₹491 received via UPI,491,bank,safe
UPI payment of ₹4450 completed,4450,merchant,safe
Your UPI account is temporarily blocked. Verify immediately,12652,unknown,scam
UPI payment of ₹644 completed,644,bank,safe
Unauthorized transaction detected. Confirm now,9215,unknown,scam
₹2194 received via UPI,2194,bank,safe
Paid ₹938 to merchant successfully,938,merchant,safe
UPI payment of ₹1248 completed,1248,bank,safe
Payment of ₹222 debited from account,222,merchant,safe
KYC expired. Update details to avoid UPI suspension,30297,unknown,scam
Unauthorized transaction detected. Confirm now,32058,unknown,scam
Your UPI account is temporarily blocked. Verify immediately,31138,unknown,scam
Refund failed. Click the link to re-initiate UPI payment,35224,unknown,scam
You have received cashback. Claim now,24472,unknown,scam
Unauthorized transaction detected. Confirm now,25938,unknown,scam
UPI payment of ₹1486 completed,1486,merchant,safe
Paid ₹316 to merchant successfully,316,bank,safe
Your UPI account is temporarily blocked. Verify immediately,44136,unknown,scam
Money received from Rohit,739,bank,safe
Paid ₹3324 to merchant successfully,3324,merchant,safe
Transaction successful. Ref ID generated,3007,merchant,safe
Unauthorized transaction detected. Confirm now,44087,unknown,scam
Your UPI account is temporarily blocked. Verify immediately,6576,unknown,scam
₹4392 received via UPI,4392,bank,safe
KYC expired. Update details to avoid UPI suspension,24064,unknown,scam
KYC expired. Update details to avoid UPI suspension,7712,unknown,scam
Transaction successful. Ref ID generated,4127,bank,safe
Refund failed. Click the link to re-initiate UPI payment,16902,unknown,scam
Refund failed. Click the link to re-initiate UPI payment,37612,unknown,scam
Refund failed. Click the link to re-initiate UPI payment,22860,unknown,scam
KYC expired. Update details to avoid UPI suspension,9981,unknown,scam
Money received from Amit,680,merchant,safe
You have received cashback. Claim now,12213,unknown,scam
You have received cashback. Claim now,46446,unknown,scam
UPI payment of ₹3975 completed,3975,bank,safe
₹3337 received via UPI,3337,merchant,safe
₹4265 received via UPI,4265,merchant,safe
Paid ₹2368 to merchant successfully,2368,bank,safe
Money received from Rohit,4488,bank,safe
Transaction successful. Ref ID generated,2186,merchant,safe
Refund failed. Click the link to re-initiate UPI payment,28553,unknown,scam
Unauthorized transaction detected. Confirm now,4770,unknown,scam
Transaction successful. Ref ID generated,2297,merchant,safe
Money received from Sneha,731,merchant,safe
Unauthorized transaction detected. Confirm now,20968,unknown,scam
You have received cashback. Claim now,24717,unknown,scam
Money received from Ankit,2779,merchant,safe
₹1676 received via UPI,1676,merchant,safe
Transaction successful. Ref ID generated,2117,bank,safe
UPI reward pending. Click to receive,8664,unknown,scam
Your UPI account is temporarily blocked. Verify immediately,2964,unknown,scam
Payment reversal failed. Act immediately,42716,unknown,scam
₹3833 received via UPI,3833,merchant,safe
Payment reversal failed. Act immediately,23383,unknown,scam
Refund failed. Click the link to re-initiate UPI payment,14106,unknown,scam
Your UPI account is temporarily blocked. Verify immediately,8420,unknown,scam
Payment of ₹4550 debited from account,4550,merchant,safe
KYC expired. Update details to avoid UPI suspension,18895,unknown,scam
Money received from Priya,1702,merchant,safe
Money received from Priya,1498,bank,safe
Money received from Rohit,536,merchant,safe
KYC expired. Update details to avoid UPI suspension,13677,unknown,scam
₹1554 received via UPI,1554,bank,safe
Unauthorized transaction detected. Confirm now,42563,unknown,scam
Unauthorized transaction detected. Confirm now,17074,unknown,scam
Payment of ₹1733 debited from account,1733,bank,safe
Refund failed. Click the link to re-initiate UPI payment,39109,unknown,scam
KYC expired. Update details to avoid UPI suspension,21398,unknown,scam
Your UPI account is temporarily blocked. Verify immediately,34537,unknown,scam
₹3488 received via UPI,3488,bank,safe
Payment reversal failed. Act immediately,40211,unknown,scam
UPI reward pending. Click to receive,3255,unknown,scam
Refund failed. Click the link to re-initiate UPI payment,6459,unknown,scam
UPI reward pending. Click to receive,32904,unknown,scam
UPI reward pending. Click to receive,14538,unknown,scam
Paid ₹2177 to merchant successfully,2177,merchant,safe
You have received cashback. Claim now,15455,unknown,scam
Payment reversal failed. Act immediately,44536,unknown,scam
₹1460 received via UPI,1460,bank,safe
Transaction successful. Ref ID generated,2824,bank,safe
Money received from Ankit,3120,bank,safe
Money received from Amit,1184,merchant,safe
You have received cashback. Claim now,37056,unknown,scam
Payment of ₹2998 debited from account,2998,bank,safe
You have received cashback. Claim now,25640,unknown,scam
Money received from Rohit,949,bank,safe
Your UPI account is temporarily blocked. Verify immediately,23278,unknown,scam
Transaction successful. Ref ID generated,1902,bank,safe
You have received cashback. Claim now,43377,unknown,scam
UPI reward pending. Click to receive,13929,unknown,scam
UPI payment of ₹4675 completed,4675,merchant,safe
Paid ₹2429 to merchant successfully,2429,bank,safe
Transaction successful. Ref ID generated,3715,merchant,safe
₹3317 received via UPI,3317,merchant,safe
Unauthorized transaction detected. Confirm now,33909,unknown,scam
UPI reward pending. Click to receive,8646,unknown,scam
Transaction successful. Ref ID generated,2500,merchant,safe
Money received from Rahul,1096,bank,safe
Refund failed. Click the link to re-initiate UPI payment,20738,unknown,scam
Your UPI account is temporarily blocked. Verify immediately,16106,unknown,scam
Transaction successful. Ref ID generated,4315,bank,safe
UPI reward pending. Click to receive,26631,unknown,scam
UPI payment of ₹1486 completed,1486,merchant,safe
UPI reward pending. Click to receive,48309,unknown,scam
Payment of ₹831 debited from account,831,bank,safe
Payment of ₹139 debited from account,139,merchant,safe
₹4912 received via UPI,4912,bank,safe
Refund failed. Click the link to re-initiate UPI payment,14230,unknown,scam
Payment of ₹1661 debited from account,1661,bank,safe
Money received from Sneha,4272,bank,safe
₹263 received via UPI,263,merchant,safe
Money received from Amit,2498,merchant,safe
₹106 received via UPI,106,merchant,safe
UPI reward pending. Click to receive,41679,unknown,scam
Paid ₹912 to merchant successfully,912,bank,safe
Unauthorized transaction detected. Confirm now,9658,unknown,scam
Paid ₹1788 to merchant successfully,1788,merchant,safe
Money received from Ankit,4202,bank,safe
You have received cashback. Claim now,24723,unknown,scam
Money received from Priya,1439,bank,safe
Your UPI account is temporarily blocked. Verify immediately,33994,unknown,scam
UPI reward pending. Click to receive,30497,unknown,scam
UPI reward pending. Click to receive,49497,unknown,scam
You have received cashback. Claim now,48771,unknown,scam
Your UPI account is temporarily blocked. Verify immediately,26804,unknown,scam
₹3251 received via UPI,3251,merchant,safe
Unauthorized transaction detected. Confirm now,25902,unknown,scam
You have received cashback. Claim now,18340,unknown,scam
You have received cashback. Claim now,12939,unknown,scam
KYC expired. Update details to avoid UPI suspension,20689,unknown,scam
Refund failed. Click the link to re-initiate UPI payment,23667,unknown,scam
₹3682 received via UPI,3682,merchant,safe
UPI payment of ₹967 completed,967,merchant,safe
Payment reversal failed. Act immediately,8166,unknown,scam
You have received cashback. Claim now,27676,unknown,scam
Payment reversal failed. Act immediately,26459,unknown,scam
UPI reward pending. Click to receive,37534,unknown,scam
Your UPI account is temporarily blocked. Verify immediately,46114,unknown,scam
₹1712 received via UPI,1712,merchant,safe
Money received from Amit,1146,bank,safe
₹4439 received via UPI,4439,bank,safe
Payment of ₹2973 debited from account,2973,merchant,safe
Paid ₹118 to merchant successfully,118,bank,safe
Paid ₹4502 to merchant successfully,4502,merchant,safe
Transaction successful. Ref ID generated,1121,merchant,safe
KYC expired. Update details to avoid UPI suspension,37560,unknown,scam
Payment of ₹2674 debited from account,2674,merchant,safe
You have received cashback. Claim now,37076,unknown,scam
Money received from Rohit,4445,merchant,safe
UPI reward pending. Click to receive,20498,unknown,scam
Transaction successful. Ref ID generated,2181,merchant,safe
Your UPI account is temporarily blocked. Verify immediately,19960,unknown,scam
Unauthorized transaction detected. Confirm now,32447,unknown,scam
Money received from Ankit,2450,merchant,safe
Payment of ₹3601 debited from account,3601,merchant,safe
Your UPI account is temporarily blocked. Verify immediately,10236,unknown,scam
₹3329 received via UPI,3329,bank,safe
Refund failed. Click the link to re-initiate UPI payment,11652,unknown,scam
Transaction successful. Ref ID generated,1999,bank,safe
Refund failed. Click the link to re-initiate UPI payment,7306,unknown,scam
UPI reward pending. Click to receive,14561,unknown,scam
Payment of ₹4212 debited from account,4212,merchant,safe
Payment of ₹757 debited from account,757,merchant,safe
You have received cashback. Claim now,35361,unknown,scam
KYC expired. Update details to avoid UPI suspension,20073,unknown,scam
Payment of ₹1979 debited from account,1979,bank,safe
UPI reward pending. Click to receive,42068,unknown,scam
Payment of ₹3290 debited from account,3290,merchant,safe
Transaction successful. Ref ID generated,4859,bank,safe
Unauthorized transaction detected. Confirm now,33844,unknown,scam
Refund failed. Click the link to re-initiate UPI payment,13435,unknown,scam
Unauthorized transaction detected. Confirm now,45206,unknown,scam
Money received from Rohit,3437,bank,safe
Refund failed. Click the link to re-initiate UPI payment,7425,unknown,scam
₹1620 received via UPI,1620,merchant,safe
You have received cashback. Claim now,43127,unknown,scam
You have received cashback. Claim now,11837,unknown,scam
Refund failed. Click the link to re-initiate UPI payment,44649,unknown,scam
Refund failed. Click the link to re-initiate UPI payment,48280,unknown,scam
Refund failed. Click the link to re-initiate UPI payment,14009,unknown,scam
Payment of ₹3231 debited from account,3231,bank,safe
Payment reversal failed. Act immediately,43375,unknown,scam
UPI reward pending. Click to receive,44000,unknown,scam
Money received from Amit,886,merchant,safe
Payment of ₹2363 debited from account,2363,bank,safe
Payment reversal failed. Act immediately,25621,unknown,scam
Paid ₹427 to merchant successfully,427,bank,safe
Paid ₹521 to merchant successfully,521,bank,safe
Your UPI account is temporarily blocked. Verify immediately,18737,unknown,scam
UPI reward pending. Click to receive,40134,unknown,scam
You have received cashback. Claim now,2489,unknown,scam
Payment reversal failed. Act immediately,23181,unknown,scam
UPI payment of ₹1327 completed,1327,bank,safe
₹395 received via UPI,395,bank,safe
KYC expired. Update details to avoid UPI suspension,33742,unknown,scam
Transaction successful. Ref ID generated,1013,bank,safe
Refund failed. Click the link to re-initiate UPI payment,3811,unknown,scam
Payment reversal failed. Act immediately,20913,unknown,scam
₹1427 received via UPI,1427,merchant,safe
Your UPI account is temporarily blocked. Verify immediately,11514,unknown,scam
You have received cashback. Claim now,39514,unknown,scam
Unauthorized transaction detected. Confirm now,8997,unknown,scam
Paid ₹4636 to merchant successfully,4636,merchant,safe
Money received from Ankit,4485,merchant,safe
Paid ₹3374 to merchant successfully,3374,bank,safe
Payment of ₹794 debited from account,794,merchant,safe
UPI reward pending. Click to receive,48235,unknown,scam
Money received from Ankit,789,bank,safe
Transaction successful. Ref ID generated,3034,merchant,safe
Unauthorized transaction detected. Confirm now,9564,unknown,scam
Payment of ₹3382 debited from account,3382,bank,safe
Transaction successful. Ref ID generated,395,merchant,safe
UPI payment of ₹1368 completed,1368,merchant,safe
Payment of ₹2011 debited from account,2011,bank,safe
Payment of ₹3170 debited from account,3170,bank,safe
KYC expired. Update details to avoid UPI suspension,35709,unknown,scam
You have received cashback. Claim now,14467,unknown,scam
Refund failed. Click the link to re-initiate UPI payment,4584,unknown,scam
UPI reward pending. Click to receive,26589,unknown,scam
UPI payment of ₹3910 completed,3910,bank,safe
UPI payment of ₹2148 completed,2148,bank,safe
Payment of ₹1558 debited from account,1558,merchant,safe
Your UPI account is temporarily blocked. Verify immediately,37407,unknown,scam
Transaction successful. Ref ID generated,2296,merchant,safe
You have received cashback. Claim now,2505,unknown,scam
KYC expired. Update details to avoid UPI suspension,48774,unknown,scam
Your UPI account is temporarily blocked. Verify immediately,30137,unknown,scam
Payment of ₹711 debited from account,711,bank,safe
₹1155 received via UPI,1155,bank,safe
Your UPI account is temporarily blocked. Verify immediately,21556,unknown,scam
UPI reward pending. Click to receive,17301,unknown,scam
Payment of ₹1821 debited from account,1821,bank,safe
Payment of ₹4283 debited from account,4283,merchant,safe
₹881 received via UPI,881,bank,safe
You have received cashback. Claim now,31411,unknown,scam
Your UPI account is temporarily blocked. Verify immediately,49782,unknown,scam
Transaction successful. Ref ID generated,2265,bank,safe
KYC expired. Update details to avoid UPI suspension,43226,unknown,scam
Payment reversal failed. Act immediately,9302,unknown,scam
UPI payment of ₹701 completed,701,merchant,safe
Paid ₹1939 to merchant successfully,1939,bank,safe
You have received cashback. Claim now,25216,unknown,scam
Your UPI account is temporarily blocked. Verify immediately,24691,unknown,scam
KYC expired. Update details to avoid UPI suspension,10368,unknown,scam
Paid ₹4156 to merchant successfully,4156,bank,safe
Payment of ₹2020 debited from account,2020,bank,safe
KYC expired. Update details to avoid UPI suspension,6490,unknown,scam
Unauthorized transaction detected. Confirm now,28700,unknown,scam
Transaction successful. Ref ID generated,4187,merchant,safe
UPI reward pending. Click to receive,16511,unknown,scam
Refund failed. Click the link to re-initiate UPI payment,47467,unknown,scam
Paid ₹1982 to merchant successfully,1982,bank,safe
Payment of ₹1822 debited from account,1822,merchant,safe
UPI reward pending. Click to receive,11199,unknown,scam
You have received cashback. Claim now,33014,unknown,scam
UPI reward pending. Click to receive,8994,unknown,scam
Your UPI account is temporarily blocked. Verify immediately,48927,unknown,scam
Paid ₹103 to merchant successfully,103,merchant,safe
Refund failed. Click the link to re-initiate UPI payment,15757,unknown,scam
UPI reward pending. Click to receive,36703,unknown,scam
UPI reward pending. Click to receive,17928,unknown,scam
UPI payment of ₹334 completed,334,merchant,safe
Money received from Ankit,1530,bank,safe
Refund failed. Click the link to re-initiate UPI payment,40331,unknown,scam
₹1030 received via UPI,1030,bank,safe
UPI payment of ₹1639 completed,1639,bank,safe
Your UPI account is temporarily blocked. Verify immediately,20414,unknown,scam
Unauthorized transaction detected. Confirm now,7003,unknown,scam
UPI payment of ₹3798 completed,3798,bank,safe
Paid ₹1825 to merchant successfully,1825,merchant,safe
UPI payment of ₹2714 completed,2714,merchant,safe
KYC expired. Update details to avoid UPI suspension,37565,unknown,scam
KYC expired. Update details to avoid UPI suspension,6915,unknown,scam
UPI payment of ₹4341 completed,4341,bank,safe
₹3214 received via UPI,3214,bank,safe
UPI payment of ₹2518 completed,2518,merchant,safe
Payment of ₹3111 debited from account,3111,merchant,safe
Unauthorized transaction detected. Confirm now,25658,unknown,scam
UPI payment of ₹729 completed,729,merchant,safe
UPI reward pending. Click to receive,7678,unknown,scam
Transaction successful. Ref ID generated,2590,merchant,safe
Refund failed. Click the link to re-initiate UPI payment,25112,unknown,scam
₹2463 received via UPI,2463,bank,safe
Payment of ₹853 debited from account,853,bank,safe
Unauthorized transaction detected. Confirm now,11766,unknown,scam
UPI reward pending. Click to receive,23371,unknown,scam
₹1684 received via UPI,1684,merchant,safe
Payment of ₹1327 debited from account,1327,bank,safe
Transaction successful. Ref ID generated,2099,bank,safe
Transaction successful. Ref ID generated,3364,bank,safe
Money received from Sneha,4076,bank,safe
Paid ₹3774 to merchant successfully,3774,merchant,safe
Payment of ₹1214 debited from account,1214,bank,safe
₹1884 received via UPI,1884,merchant,safe
KYC expired. Update details to avoid UPI suspension,23038,unknown,scam
UPI payment of ₹2359 completed,2359,bank,safe
Transaction successful. Ref ID generated,966,merchant,safe
Payment reversal failed. Act immediately,19784,unknown,scam
UPI reward pending. Click to receive,24477,unknown,scam
Your UPI account is temporarily blocked. Verify immediately,18203,unknown,scam
Payment reversal failed. Act immediately,10211,unknown,scam
Your UPI account is temporarily blocked. Verify immediately,30606,unknown,scam
UPI reward pending. Click to receive,13901,unknown,scam
Payment of ₹4457 debited from account,4457,merchant,safe
₹1820 received via UPI,1820,bank,safe
Transaction successful. Ref ID generated,2198,bank,safe
Money received from Rohit,259,merchant,safe
Unauthorized transaction detected. Confirm now,17341,unknown,scam
Unauthorized transaction detected. Confirm now,8464,unknown,scam
KYC expired. Update details to avoid UPI suspension,44755,unknown,scam
Refund failed. Click the link to re-initiate UPI payment,3996,unknown,scam
Unauthorized transaction detected. Confirm now,9158,unknown,scam
UPI payment of ₹124 completed,124,merchant,safe
Paid ₹2514 to merchant successfully,2514,bank,safe
Payment reversal failed. Act immediately,43636,unknown,scam
₹886 received via UPI,886,bank,safe
You have received cashback. Claim now,19291,unknown,scam
You have received cashback. Claim now,28941,unknown,scam
Payment of ₹2395 debited from account,2395,merchant,safe
UPI reward pending. Click to receive,47013,unknown,scam
Refund failed. Click the link to re-initiate UPI payment,31819,unknown,scam
UPI reward pending. Click to receive,33264,unknown,scam
UPI payment of ₹1596 completed,1596,bank,safe
Payment of ₹4461 debited from account,4461,merchant,safe
Paid ₹914 to merchant successfully,914,bank,safe
Unauthorized transaction detected. Confirm now,31431,unknown,scam
Your UPI account is temporarily blocked. Verify immediately,28372,unknown,scam
Transaction successful. Ref ID generated,4073,merchant,safe
Transaction successful. Ref ID generated,2452,bank,safe
₹3456 received via UPI,3456,bank,safe
Payment of ₹4929 debited from account,4929,merchant,safe
Payment of ₹295 debited from account,295,bank,safe
Your UPI account is temporarily blocked. Verify immediately,3556,unknown,scam
Transaction successful. Ref ID generated,3691,bank,safe
You have received cashback. Claim now,15214,unknown,scam
UPI reward pending. Click to receive,33319,unknown,scam
KYC expired. Update details to avoid UPI suspension,24339,unknown,scam
KYC expired. Update details to avoid UPI suspension,18516,unknown,scam
Unauthorized transaction detected. Confirm now,12974,unknown,scam
Your UPI account is temporarily blocked. Verify immediately,2415,unknown,scam
UPI payment of ₹2974 completed,2974,bank,safe
Money received from Ankit,3941,merchant,safe
KYC expired. Update details to avoid UPI suspension,5333,unknown,scam
Paid ₹3597 to merchant successfully,3597,merchant,safe
KYC expired. Update details to avoid UPI suspension,47973,unknown,scam
You have received cashback. Claim now,16167,unknown,scam
UPI payment of ₹1313 completed,1313,bank,safe
₹2827 received via UPI,2827,merchant,safe
Paid ₹3391 to merchant successfully,3391,bank,safe
Payment reversal failed. Act immediately,43477,unknown,scam
Transaction successful. Ref ID generated,2825,merchant,safe
₹4123 received via UPI,4123,merchant,safe
₹3904 received via UPI,3904,bank,safe
₹2829 received via UPI,2829,merchant,safe
UPI payment of ₹1717 completed,1717,merchant,safe
Paid ₹178 to merchant successfully,178,bank,safe
Paid ₹2469 to merchant successfully,2469,merchant,safe
Money received from Rahul,3384,merchant,safe
Money received from Priya,4600,merchant,safe
Transaction successful. Ref ID generated,776,merchant,safe
Your UPI account is temporarily blocked. Verify immediately,9160,unknown,scam
₹2740 received via UPI,2740,merchant,safe
Refund failed. Click the link to re-initiate UPI payment,46964,unknown,scam
KYC expired. Update details to avoid UPI suspension,24502,unknown,scam
Payment reversal failed. Act immediately,21097,unknown,scam
KYC expired. Update details to avoid UPI suspension,20903,unknown,scam
Money received from Priya,3706,bank,safe
UPI reward pending. Click to receive,34220,unknown,scam
Unauthorized transaction detected. Confirm now,45021,unknown,scam
Transaction successful. Ref ID generated,2625,bank,safe
Transaction successful. Ref ID generated,4128,merchant,safe
KYC expired. Update details to avoid UPI suspension,47263,unknown,scam
Unauthorized transaction detected. Confirm now,17984,unknown,scam
UPI payment of ₹2987 completed,2987,merchant,safe
Payment reversal failed. Act immediately,9311,unknown,scam
Payment reversal failed. Act immediately,9077,unknown,scam
Refund failed. Click the link to re-initiate UPI payment,13604,unknown,scam
Paid ₹2832 to merchant successfully,2832,bank,safe
Payment of ₹1273 debited from account,1273,merchant,safe
Your UPI account is temporarily blocked. Verify immediately,27310,unknown,scam
You have received cashback. Claim now,29548,unknown,scam
UPI reward pending. Click to receive,30205,unknown,scam
Paid ₹1004 to merchant successfully,1004,merchant,safe
₹4354 received via UPI,4354,bank,safe
Transaction successful. Ref ID generated,3987,bank,safe
KYC expired. Update details to avoid UPI suspension,49708,unknown,scam
Transaction successful. Ref ID generated,2200,merchant,safe
UPI reward pending. Click to receive,34176,unknown,scam
Money received from Rahul,4204,bank,safe
Transaction successful. Ref ID generated,975,merchant,safe
₹69 received via UPI,69,bank,safe
Payment of ₹998 debited from account,998,merchant,safe
Money received from Ankit,4227,bank,safe
You have received cashback. Claim now,47656,unknown,scam
Your UPI account is temporarily blocked. Verify immediately,18986,unknown,scam
₹2957 received via UPI,2957,merchant,safe
₹634 received via UPI,634,bank,safe
KYC expired. Update details to avoid UPI suspension,10859,unknown,scam
Transaction successful. Ref ID generated,247,merchant,safe
Refund failed. Click the link to re-initiate UPI payment,43590,unknown,scam
₹2223 received via UPI,2223,merchant,safe
₹521 received via UPI,521,merchant,safe
Payment of ₹660 debited from account,660,bank,safe
KYC expired. Update details to avoid UPI suspension,36078,unknown,scam
UPI payment of ₹3405 completed,3405,merchant,safe
Paid ₹3127 to merchant successfully,3127,bank,safe
Refund failed. Click the link to re-initiate UPI payment,13476,unknown,scam
KYC expired. Update details to avoid UPI suspension,35937,unknown,scam
Unauthorized transaction detected. Confirm now,10013,unknown,scam
KYC expired. Update details to avoid UPI suspension,14194,unknown,scam
Unauthorized transaction detected. Confirm now,16232,unknown,scam
Transaction successful. Ref ID generated,3848,bank,safe
Payment reversal failed. Act immediately,17126,unknown,scam
Transaction successful. Ref ID generated,3004,merchant,safe
Payment of ₹343 debited from account,343,bank,safe
UPI reward pending. Click to receive,4761,unknown,scam
KYC expired. Update details to avoid UPI suspension,43574,unknown,scam
Refund failed. Click the link to re-initiate UPI payment,41351,unknown,scam
₹1600 received via UPI,1600,merchant,safe
Unauthorized transaction detected. Confirm now,41472,unknown,scam
Payment of ₹734 debited from account,734,bank,safe
UPI reward pending. Click to receive,6049,unknown,scam
You have received cashback. Claim now,43657,unknown,scam
UPI reward pending. Click to receive,24698,unknown,scam
Payment of ₹4448 debited from account,4448,merchant,safe
Transaction successful. Ref ID generated,3113,bank,safe
Payment of ₹2039 debited from account,2039,bank,safe
₹2273 received via UPI,2273,merchant,safe
Money received from Priya,2236,merchant,safe
Refund failed. Click the link to re-initiate UPI payment,35210,unknown,scam
Payment of ₹4107 debited from account,4107,bank,safe
Transaction successful. Ref ID generated,3243,bank,safe
UPI reward pending. Click to receive,16672,unknown,scam
UPI reward pending. Click to receive,2306,unknown,scam
Money received from Rahul,3044,merchant,safe
₹853 received via UPI,853,bank,safe
UPI payment of ₹2487 completed,2487,bank,safe
Payment of ₹2923 debited from account,2923,bank,safe
Payment of ₹490 debited from account,490,merchant,safe
UPI reward pending. Click to receive,2248,unknown,scam
KYC expired. Update details to avoid UPI suspension,45055,unknown,scam
Payment reversal failed. Act immediately,34258,unknown,scam
UPI reward pending. Click to receive,45236,unknown,scam
₹3828 received via UPI,3828,bank,safe
Paid ₹82 to merchant successfully,82,merchant,safe
Your UPI account is temporarily blocked. Verify immediately,41851,unknown,scam
Transaction successful. Ref ID generated,2791,bank,safe
UPI payment of ₹1952 completed,1952,merchant,safe
Transaction successful. Ref ID generated,419,bank,safe
Your UPI account is temporarily blocked. Verify immediately,32219,unknown,scam
Payment of ₹4232 debited from account,4232,merchant,safe
UPI payment of ₹4205 completed,4205,bank,safe
Refund failed. Click the link to re-initiate UPI payment,47743,unknown,scam
Payment of ₹856 debited from account,856,bank,safe
You have received cashback. Claim now,36545,unknown,scam
Paid ₹875 to merchant successfully,875,bank,safe
UPI reward pending. Click to receive,13689,unknown,scam
Refund failed. Click the link to re-initiate UPI payment,26395,unknown,scam
Payment of ₹1891 debited from account,1891,bank,safe
KYC expired. Update details to avoid UPI suspension,39309,unknown,scam
Refund failed. Click the link to re-initiate UPI payment,23568,unknown,scam
Payment of ₹1065 debited from account,1065,bank,safe
UPI reward pending. Click to receive,35978,unknown,scam
UPI reward pending. Click to receive,46249,unknown,scam
Money received from Priya,4064,merchant,safe
UPI payment of ₹3609 completed,3609,bank,safe
Unauthorized transaction detected. Confirm now,39802,unknown,scam
Payment reversal failed. Act immediately,13711,unknown,scam
Money received from Amit,4717,merchant,safe
Transaction successful. Ref ID generated,3228,bank,safe
Payment of ₹1589 debited from account,1589,bank,safe
Money received from Ankit,2221,bank,safe
KYC expired. Update details to avoid UPI suspension,19269,unknown,scam
Money received from Ankit,3195,merchant,safe
Your UPI account is temporarily blocked. Verify immediately,18645,unknown,scam
Unauthorized transaction detected. Confirm now,31809,unknown,scam
UPI payment of ₹2927 completed,2927,bank,safe
KYC expired. Update details to avoid UPI suspension,9061,unknown,scam
Transaction successful. Ref ID generated,3074,merchant,safe
Money received from Ankit,1888,merchant,safe
Paid ₹2602 to merchant successfully,2602,merchant,safe
₹2260 received via UPI,2260,merchant,safe
Payment reversal failed. Act immediately,19311,unknown,scam
Transaction successful. Ref ID generated,3014,bank,safe
Your UPI account is temporarily blocked. Verify immediately,16070,unknown,scam
Payment of ₹651 debited from account,651,merchant,safe
UPI reward pending. Click to receive,4657,unknown,scam
Payment reversal failed. Act immediately,13396,unknown,scam
Your UPI account is temporarily blocked. Verify immediately,34591,unknown,scam
Unauthorized transaction detected. Confirm now,21284,unknown,scam
KYC expired. Update details to avoid UPI suspension,16458,unknown,scam
Transaction successful. Ref ID generated,667,merchant,safe
Payment reversal failed. Act immediately,11155,unknown,scam
Money received from Amit,637,merchant,safe
Paid ₹585 to merchant successfully,585,merchant,safe
You have received cashback. Claim now,27934,unknown,scam
KYC expired. Update details to avoid UPI suspension,4602,unknown,scam
Your UPI account is temporarily blocked. Verify immediately,43404,unknown,scam
KYC expired. Update details to avoid UPI suspension,38029,unknown,scam
Unauthorized transaction detected. Confirm now,49526,unknown,scam
Your UPI account is temporarily blocked. Verify immediately,36191,unknown,scam
You have received cashback. Claim now,36520,unknown,scam
KYC expired. Update details to avoid UPI suspension,17952,unknown,scam
UPI reward pending. Click to receive,32831,unknown,scam
UPI payment of ₹944 completed,944,merchant,safe
Payment reversal failed. Act immediately,10833,unknown,scam
KYC expired. Update details to avoid UPI suspension,19314,unknown,scam
Money received from Sneha,1480,bank,safe
Transaction successful. Ref ID generated,4444,bank,safe
You have received cashback. Claim now,18779,unknown,scam
Paid ₹4490 to merchant successfully,4490,merchant,safe
₹4730 received via UPI,4730,merchant,safe
Payment of ₹690 debited from account,690,merchant,safe
You have received cashback. Claim now,6658,unknown,scam
Your UPI account is temporarily blocked. Verify immediately,5859,unknown,scam
₹4055 received via UPI,4055,bank,safe
Money received from Ankit,153,merchant,safe
₹4962 received via UPI,4962,merchant,safe
Your UPI account is temporarily blocked. Verify immediately,7293,unknown,scam
Payment reversal failed. Act immediately,2548,unknown,scam
Money received from Ankit,3766,merchant,safe
UPI payment of ₹3195 completed,3195,merchant,safe
You have received cashback. Claim now,4770,unknown,scam
Payment reversal failed. Act immediately,27311,unknown,scam
KYC expired. Update details to avoid UPI suspension,36041,unknown,scam
UPI reward pending. Click to receive,29764,unknown,scam
Refund failed. Click the link to re-initiate UPI payment,12034,unknown,scam
₹1792 received via UPI,1792,merchant,safe
Transaction successful. Ref ID generated,3189,merchant,safe
You have received cashback. Claim now,41285,unknown,scam
Payment of ₹830 debited from account,830,bank,safe
Paid ₹1537 to merchant successfully,1537,merchant,safe
₹4823 received via UPI,4823,merchant,safe
KYC expired. Update details to avoid UPI suspension,9644,unknown,scam
Unauthorized transaction detected. Confirm now,35451,unknown,scam
₹982 received via UPI,982,merchant,safe
You have received cashback. Claim now,2939,unknown,scam
Unauthorized transaction detected. Confirm now,46436,unknown,scam
Transaction successful. Ref ID generated,2490,bank,safe
Your UPI account is temporarily blocked. Verify immediately,15550,unknown,scam
Unauthorized transaction detected. Confirm now,43751,unknown,scam
Money received from Sneha,4846,bank,safe
UPI payment of ₹904 completed,904,bank,safe
₹2443 received via UPI,2443,bank,safe
Payment reversal failed. Act immediately,13862,unknown,scam
Payment reversal failed. Act immediately,41020,unknown,scam
You have received cashback. Claim now,33105,unknown,scam
KYC expired. Update details to avoid UPI suspension,20865,unknown,scam
UPI payment of ₹802 completed,802,bank,safe
Refund failed. Click the link to re-initiate UPI payment,9415,unknown,scam
Refund failed. Click the link to re-initiate UPI payment,5661,unknown,scam
Unauthorized transaction detected. Confirm now,26106,unknown,scam
Money received from Amit,4558,merchant,safe
Payment of ₹4133 debited from account,4133,bank,safe
₹1389 received via UPI,1389,merchant,safe
Unauthorized transaction detected. Confirm now,2218,unknown,scam
Transaction successful. Ref ID generated,3427,bank,safe
Unauthorized transaction detected. Confirm now,27245,unknown,scam
Paid ₹4118 to merchant successfully,4118,bank,safe
Your UPI account is temporarily blocked. Verify immediately,11679,unknown,scam
Your UPI account is temporarily blocked. Verify immediately,45775,unknown,scam
₹374 received via UPI,374,merchant,safe
Transaction successful. Ref ID generated,1757,merchant,safe
UPI reward pending. Click to receive,24228,unknown,scam
UPI payment of ₹2751 completed,2751,bank,safe
You have received cashback. Claim now,48570,unknown,scam
Paid ₹2350 to merchant successfully,2350,bank,safe
You have received cashback. Claim now,13213,unknown,scam
Payment reversal failed. Act immediately,30866,unknown,scam
Your UPI account is temporarily blocked. Verify immediately,17010,unknown,scam
Transaction successful. Ref ID generated,1431,merchant,safe
Money received from Sneha,1597,bank,safe
₹2929 received via UPI,2929,bank,safe
UPI payment of ₹1164 completed,1164,merchant,safe
UPI payment of ₹70 completed,70,merchant,safe
UPI payment of ₹381 completed,381,bank,safe
Money received from Amit,765,bank,safe
₹2618 received via UPI,2618,bank,safe
UPI reward pending. Click to receive,11668,unknown,scam
Paid ₹1154 to merchant successfully,1154,merchant,safe
KYC expired. Update details to avoid UPI suspension,36074,unknown,scam
UPI payment of ₹3829 completed,3829,merchant,safe
Refund failed. Click the link to re-initiate UPI payment,10109,unknown,scam
Unauthorized transaction detected. Confirm now,22350,unknown,scam
Money received from Sneha,1330,merchant,safe
Paid ₹2834 to merchant successfully,2834,bank,safe
UPI payment of ₹3551 completed,3551,merchant,safe
Money received from Amit,2470,bank,safe
You have received cashback. Claim now,31307,unknown,scam
₹531 received via UPI,531,bank,safe
Unauthorized transaction detected. Confirm now,17125,unknown,scam
Unauthorized transaction detected. Confirm now,29033,unknown,scam
UPI payment of ₹2170 completed,2170,merchant,safe
Transaction successful. Ref ID generated,3024,merchant,safe
Payment of ₹1416 debited from account,1416,bank,safe
Transaction successful. Ref ID generated,2309,bank,safe
Payment of ₹3169 debited from account,3169,bank,safe
₹3485 received via UPI,3485,bank,safe
Money received from Ankit,4845,merchant,safe
Payment reversal failed. Act immediately,42594,unknown,scam
Paid ₹784 to merchant successfully,784,bank,safe
Transaction successful. Ref ID generated,1944,bank,safe
Payment reversal failed. Act immediately,39914,unknown,scam
KYC expired. Update details to avoid UPI suspension,42247,unknown,scam
Unauthorized transaction detected. Confirm now,21736,unknown,scam
Transaction successful. Ref ID generated,3733,merchant,safe
Paid ₹2631 to merchant successfully,2631,merchant,safe
UPI reward pending. Click to receive,2067,unknown,scam
Refund failed. Click the link to re-initiate UPI payment,28564,unknown,scam
You have received cashback. Claim now,47509,unknown,scam
KYC expired. Update details to avoid UPI suspension,17745,unknown,scam
KYC expired. Update details to avoid UPI suspension,37005,unknown,scam
Transaction successful. Ref ID generated,1363,bank,safe
UPI payment of ₹1367 completed,1367,merchant,safe
Payment of ₹2740 debited from account,2740,merchant,safe
Transaction successful. Ref ID generated,3424,merchant,safe
Money received from Rohit,1329,bank,safe
Paid ₹4754 to merchant successfully,4754,bank,safe
Transaction successful. Ref ID generated,3706,merchant,safe
Money received from Amit,3727,merchant,safe
You have received cashback. Claim now,24403,unknown,scam
UPI payment of ₹663 completed,663,bank,safe
Payment reversal failed. Act immediately,11749,unknown,scam
Unauthorized transaction detected. Confirm now,32596,unknown,scam
UPI payment of ₹2424 completed,2424,bank,safe
Money received from Rohit,2950,merchant,safe
UPI reward pending. Click to receive,3064,unknown,scam
Paid ₹710 to merchant successfully,710,bank,safe
Money received from Sneha,4073,bank,safe
Transaction successful. Ref ID generated,3207,merchant,safe
Paid ₹4939 to merchant successfully,4939,bank,safe
Payment reversal failed. Act immediately,4045,unknown,scam
Refund failed. Click the link to re-initiate UPI payment,5646,unknown,scam
Payment reversal failed. Act immediately,26770,unknown,scam
Payment of ₹830 debited from account,830,merchant,safe
KYC expired. Update details to avoid UPI suspension,44708,unknown,scam
UPI payment of ₹3116 completed,3116,merchant,safe
Transaction successful. Ref ID generated,1100,bank,safe
Money received from Amit,1177,bank,safe
Refund failed. Click the link to re-initiate UPI payment,37047,unknown,scam
You have received cashback. Claim now,37642,unknown,scam
KYC expired. Update details to avoid UPI suspension,11372,unknown,scam
Transaction successful. Ref ID generated,870,merchant,safe
Paid ₹1599 to merchant successfully,1599,bank,safe
Paid ₹4771 to merchant successfully,4771,merchant,safe
₹1777 received via UPI,1777,bank,safe
UPI payment of ₹2192 completed,2192,bank,safe
Money received from Rahul,2807,bank,safe
Transaction successful. Ref ID generated,2639,bank,safe
UPI payment of ₹3148 completed,3148,bank,safe
KYC expired. Update details to avoid UPI suspension,46781,unknown,scam
₹1230 received via UPI,1230,bank,safe
UPI payment of ₹617 completed,617,merchant,safe
Payment reversal failed. Act immediately,31982,unknown,scam
You have received cashback. Claim now,35918,unknown,scam
UPI reward pending. Click to receive,28333,unknown,scam
Payment reversal failed. Act immediately,36058,unknown,scam
You have received cashback. Claim now,33169,unknown,scam
You have received cashback. Claim now,23217,unknown,scam
Paid ₹864 to merchant successfully,864,bank,safe
Your UPI account is temporarily blocked. Verify immediately,15056,unknown,scam
UPI reward pending. Click to receive,19293,unknown,scam
Unauthorized transaction detected. Confirm now,27281,unknown,scam
Unauthorized transaction detected. Confirm now,33201,unknown,scam
Refund failed. Click the link to re-initiate UPI payment,15126,unknown,scam
Payment of ₹3137 debited from account,3137,merchant,safe
UPI payment of ₹1667 completed,1667,bank,safe
UPI payment of ₹3618 completed,3618,merchant,safe
UPI payment of ₹2536 completed,2536,merchant,safe
KYC expired. Update details to avoid UPI suspension,5630,unknown,scam
KYC expired. Update details to avoid UPI suspension,39836,unknown,scam
Money received from Ankit,775,bank,safe
UPI payment of ₹4648 completed,4648,bank,safe
Paid ₹254 to merchant successfully,254,merchant,safe
Refund failed. Click the link to re-initiate UPI payment,9655,unknown,scam
UPI payment of ₹4977 completed,4977,merchant,safe
KYC expired. Update details to avoid UPI suspension,49700,unknown,scam
Money received from Rohit,1534,bank,safe
Your UPI account is temporarily blocked. Verify immediately,45585,unknown,scam
Unauthorized transaction detected. Confirm now,41805,unknown,scam
Paid ₹2544 to merchant successfully,2544,bank,safe
Paid ₹4688 to merchant successfully,4688,bank,safe
Refund failed. Click the link to re-initiate UPI payment,15374,unknown,scam
Your UPI account is temporarily blocked. Verify immediately,38733,unknown,scam
Transaction successful. Ref ID generated,2650,bank,safe
You have received cashback. Claim now,19233,unknown,scam
KYC expired. Update details to avoid UPI suspension,38186,unknown,scam
KYC expired. Update details to avoid UPI suspension,38926,unknown,scam
Your UPI account is temporarily blocked. Verify immediately,29742,unknown,scam
Your UPI account is temporarily blocked. Verify immediately,19351,unknown,scam
UPI payment of ₹217 completed,217,bank,safe
Paid ₹1014 to merchant successfully,1014,merchant,safe
Transaction successful. Ref ID generated,1186,bank,safe
Paid ₹2572 to merchant successfully,2572,bank,safe
Your UPI account is temporarily blocked. Verify immediately,24524,unknown,scam
You have received cashback. Claim now,28953,unknown,scam
Unauthorized transaction detected. Confirm now,20382,unknown,scam
Your UPI account is temporarily blocked. Verify immediately,44470,unknown,scam
Money received from Rahul,2804,merchant,safe
Payment reversal failed. Act immediately,40033,unknown,scam
Refund failed. Click the link to re-initiate UPI payment,33143,unknown,scam
UPI reward pending. Click to receive,45088,unknown,scam
Refund failed. Click the link to re-initiate UPI payment,13534,unknown,scam
Paid ₹4889 to merchant successfully,4889,bank,safe
UPI payment of ₹2869 completed,2869,merchant,safe
Your UPI account is temporarily blocked. Verify immediately,42796,unknown,scam
Payment of ₹4182 debited from account,4182,merchant,safe
Money received from Rohit,4530,bank,safe
Your UPI account is temporarily blocked. Verify immediately,16082,unknown,scam
UPI payment of ₹523 completed,523,merchant,safe
KYC expired. Update details to avoid UPI suspension,17930,unknown,scam
UPI payment of ₹3750 completed,3750,bank,safe
Payment of ₹677 debited from account,677,merchant,safe
₹2826 received via UPI,2826,bank,safe
Paid ₹2875 to merchant successfully,2875,merchant,safe
Money received from Amit,3551,merchant,safe
Unauthorized transaction detected. Confirm now,18665,unknown,scam
Your UPI account is temporarily blocked. Verify immediately,30690,unknown,scam
₹3899 received via UPI,3899,merchant,safe
Your UPI account is temporarily blocked. Verify immediately,40040,unknown,scam
You have received cashback. Claim now,7042,unknown,scam
Payment reversal failed. Act immediately,14567,unknown,scam
₹934 received via UPI,934,merchant,safe
Payment of ₹2948 debited from account,2948,merchant,safe
Refund failed. Click the link to re-initiate UPI payment,46779,unknown,scam
Money received from Priya,3587,merchant,safe
Money received from Rahul,2802,bank,safe
Transaction successful. Ref ID generated,3049,merchant,safe
Money received from Rahul,4427,merchant,safe
Payment reversal failed. Act immediately,12995,unknown,scam
Transaction successful. Ref ID generated,3870,bank,safe
Money received from Amit,485,merchant,safe
Paid ₹3331 to merchant successfully,3331,bank,safe
Payment of ₹475 debited from account,475,bank,safe
Your UPI account is temporarily blocked. Verify immediately,19557,unknown,scam
Transaction successful. Ref ID generated,1871,merchant,safe
Unauthorized transaction detected. Confirm now,27910,unknown,scam
Money received from Sneha,4857,bank,safe
₹2085 received via UPI,2085,bank,safe
Payment reversal failed. Act immediately,15038,unknown,scam
Money received from Ankit,4301,merchant,safe
You have received cashback. Claim now,43565,unknown,scam
₹4327 received via UPI,4327,bank,safe
Payment of ₹3168 debited from account,3168,bank,safe
Your UPI account is temporarily blocked. Verify immediately,11516,unknown,scam
Unauthorized transaction detected. Confirm now,33056,unknown,scam
Your UPI account is temporarily blocked. Verify immediately,24242,unknown,scam
Payment of ₹1970 debited from account,1970,merchant,safe
You have received cashback. Claim now,31367,unknown,scam
Paid ₹3424 to merchant successfully,3424,bank,safe
₹1606 received via UPI,1606,merchant,safe
Your UPI account is temporarily blocked. Verify immediately,27947,unknown,scam
₹59 received via UPI,59,merchant,safe
Payment of ₹1204 debited from account,1204,bank,safe
Payment reversal failed. Act immediately,16327,unknown,scam
Your UPI account is temporarily blocked. Verify immediately,17094,unknown,scam
Payment of ₹1540 debited from account,1540,bank,safe
Payment of ₹2173 debited from account,2173,bank,safe
Transaction successful. Ref ID generated,3081,bank,safe
Paid ₹562 to merchant successfully,562,merchant,safe
UPI payment of ₹1583 completed,1583,merchant,safe
Payment of ₹2061 debited from account,2061,merchant,safe
Unauthorized transaction detected. Confirm now,27357,unknown,scam
UPI payment of ₹1990 completed,1990,bank,safe
You have received cashback. Claim now,20200,unknown,scam
You have received cashback. Claim now,12437,unknown,scam
Refund failed. Click the link to re-initiate UPI payment,24154,unknown,scam
UPI reward pending. Click to receive,32200,unknown,scam
KYC expired. Update details to avoid UPI suspension,45152,unknown,scam
Unauthorized transaction detected. Confirm now,24836,unknown,scam
Your UPI account is temporarily blocked. Verify immediately,4001,unknown,scam
Unauthorized transaction detected. Confirm now,18713,unknown,scam
UPI reward pending. Click to receive,29699,unknown,scam
Your UPI account is temporarily blocked. Verify immediately,40455,unknown,scam
Your UPI account is temporarily blocked. Verify immediately,9324,unknown,scam
UPI payment of ₹2851 completed,2851,merchant,safe
UPI reward pending. Click to receive,10942,unknown,scam
Unauthorized transaction detected. Confirm now,38986,unknown,scam
KYC expired. Update details to avoid UPI suspension,25625,unknown,scam
Refund failed. Click the link to re-initiate UPI payment,23064,unknown,scam
Paid ₹375 to merchant successfully,375,merchant,safe
Paid ₹4003 to merchant successfully,4003,bank,safe
Refund failed. Click the link to re-initiate UPI payment,44096,unknown,scam
UPI payment of ₹4311 completed,4311,bank,safe
Refund failed. Click the link to re-initiate UPI payment,3380,unknown,scam
You have received cashback. Claim now,32337,unknown,scam
Transaction successful. Ref ID generated,2703,merchant,safe
Money received from Ankit,2985,merchant,safe
KYC expired. Update details to avoid UPI suspension,22271,unknown,scam
Your UPI account is temporarily blocked. Verify immediately,15804,unknown,scam
UPI payment of ₹2955 completed,2955,bank,safe
Paid ₹2767 to merchant successfully,2767,merchant,safe
Refund failed. Click the link to re-initiate UPI payment,3186,unknown,scam
Unauthorized transaction detected. Confirm now,47697,unknown,scam
Payment of ₹2815 debited from account,2815,bank,safe
₹2356 received via UPI,2356,merchant,safe
Refund failed. Click the link to re-initiate UPI payment,13334,unknown,scam
Payment of ₹1521 debited from account,1521,merchant,safe
Your UPI account is temporarily blocked. Verify immediately,9574,unknown,scam
Refund failed. Click the link to re-initiate UPI payment,4999,unknown,scam
Refund failed. Click the link to re-initiate UPI payment,10676,unknown,scam
Paid ₹132 to merchant successfully,132,bank,safe
Money received from Rohit,1561,bank,safe
KYC expired. Update details to avoid UPI suspension,38163,unknown,scam
Refund failed. Click the link to re-initiate UPI payment,8041,unknown,scam
Your UPI account is temporarily blocked. Verify immediately,21472,unknown,scam
UPI payment of ₹1214 completed,1214,merchant,safe
₹4754 received via UPI,4754,merchant,safe
Transaction successful. Ref ID generated,1153,bank,safe
You have received cashback. Claim now,5090,unknown,scam
You have received cashback. Claim now,15789,unknown,scam
Refund failed. Click the link to re-initiate UPI payment,31372,unknown,scam
You have received cashback. Claim now,32771,unknown,scam
KYC expired. Update details to avoid UPI suspension,20934,unknown,scam
You have received cashback. Claim now,26384,unknown,scam
Payment reversal failed. Act immediately,35955,unknown,scam
Payment of ₹4138 debited from account,4138,bank,safe
Payment of ₹4772 debited from account,4772,merchant,safe
UPI payment of ₹3843 completed,3843,merchant,safe
Transaction successful. Ref ID generated,4545,bank,safe
Paid ₹3797 to merchant successfully,3797,bank,safe
Payment of ₹4489 debited from account,4489,bank,safe
KYC expired. Update details to avoid UPI suspension,41487,unknown,scam
Refund failed. Click the link to re-initiate UPI payment,31215,unknown,scam
UPI payment of ₹1887 completed,1887,bank,safe
₹454 received via UPI,454,merchant,safe
Transaction successful. Ref ID generated,4294,merchant,safe
Your UPI account is temporarily blocked. Verify immediately,12397,unknown,scam
₹3070 received via UPI,3070,bank,safe
Unauthorized transaction detected. Confirm now,43007,unknown,scam
Money received from Priya,2950,bank,safe
You have received cashback. Claim now,9812,unknown,scam
Unauthorized transaction detected. Confirm now,25517,unknown,scam
Your UPI account is temporarily blocked. Verify immediately,15870,unknown,scam
Money received from Rahul,4820,merchant,safe
Money received from Priya,2450,merchant,safe
Paid ₹2792 to merchant successfully,2792,bank,safe
Transaction successful. Ref ID generated,2859,bank,safe
Money received from Sneha,997,bank,safe
₹3678 received via UPI,3678,merchant,safe
Payment reversal failed. Act immediately,39391,unknown,scam
